mention_type,mention,pred
2,giá bn br ?,2.640960931777954
2,bobby xxl bn cái bn tiền,2.4541842937469482
2,"trịnh duy lâm ơi , hiện tại dòng x__d__f có __d__ kích thước __d__ '' ( giá __d__,__d__,__d__ vnđ ) và __d__ '' ( giá __d__,__d__,__d__ vnđ ) bạn nhé , mời bạn xem thêm thông tin về sản phẩm ở đây : http : //www.sony.com.vn/electronics/tivi/x__d__f-series/specifications",2.950800657272339
2,sữa optimom __d__ giá bn shop ? có quà tặng j k,2.7172913551330566
2,bn ak,2.334501266479492
2,ko lấy quà thì giá sao shop ?,1.963098168373108
2,giá quần xxxl bao nhiêu,2.3846917152404785
2,tv sony __d__inh __d__k __d__e giá bao nhieu hả bạn,3.688284397125244
2,__d__ phòng __d__ giường giá sao ạ,3.4992613792419434
2,cho cái giá nhỉ,2.6407339572906494
2,tôi đang có nhu cầu mua __d__x__d__e xin hỏi không lấy khuyến mãi có được trừ tiền vào sản pẩm không,3.153791904449463
2,"tempro __d__,__d__ bao nhiu",2.3868324756622314
2,nếu không lấy máy giặt thì tivi bao nhiêu ah,2.0509440898895264
2,"ad cho mình xin thông tin sản phẩm lg dual cool inverter với ạ , giá bao nhiêu một cái vậy ?",2.247549533843994
2,friso __d__ nhiu ạ,3.304234027862549
2,bn vay chi,2.7868306636810303
2,< img src= '' http : //f__d__.comstyles/yahoo/__d__.gif '' class= '' mcesmilie '' alt= '' ~o ) '' title= '' coffee ~o ) '' > chào ngày mới vcb-ers < img src= '' http : //f__d__.comstyles/yahoo/__d__.gif '' class= '' mcesmilie '' alt= '' : ) '' title= '' happy : ) '' > liệu hôm nay có giá đỏ để vào không đây ?,3.6756207942962646
2,hop chia sữa bn chị,2.8416225910186768
2,giá bao tiền vậy bảo thanh ?,2.328568458557129
2,tivi sony __d__inch bn vay,3.3244314193725586
2,chị ơi bao nhiêu vậy ạ,3.1198740005493164
2,__d__ '' giá bao nhiêu bạn ?,2.609947919845581
2,sony oled __d__ ” chip a__d__-__d__ giá mấy bác ?,2.9860787391662598
2,tính sang năm mua con sh __d__i abs . < img src= '' http : //forums.voz.vn/images/smilies/off/big_smile.gif '' border= '' __d__ '' alt= '' '' title= '' big smile '' class= '' inlineimg '' > < br > < br > < i > sent from my iphone __d__ plus using < a > vozforums < /a > < /i >,2.887057065963745
2,ti vi lg __d__ich __d__k gia nhieu,2.8940696716308594
2,c mua bao nhiu vay ạ,2.189525604248047
2,shop cho e hỏi là giá bao nhiêu __d__ bịch ạ,3.239492416381836
2,giá e,3.4163479804992676
2,giá bao nhiêu ban,2.111354112625122
2,cho e hỏi giá đỡ cục nóng __d__ngan là giá sat hay giá bằng lốc vậy ạ,2.346998453140259
2,bobby đi bn,3.4867005348205566
2,tv giờ cứ lg - sony mà chơi.k nuốt nổi tv samsung < div class= '' messagetextendmarker '' > < /div >,2.2150371074676514
2,sữa bột fiso số __d__ giá bai nhiêu ạ,2.490306854248047
2,bn tiền __d__ thùng thế ạ,2.392947196960449
2,giá thuốc . bao nhiêu vật ạ,2.5993213653564453
2,optimum gold số__d__ là giá bao nhieu vậy shop,2.540414333343506
2,bn v c,2.3230478763580322
2,giá xe tập đi có giảm giá ko ?,2.933555841445923
2,tivi sony __d__ inh gia sao ban,2.5814127922058105
2,< div class= '' bbwrapper '' > ms__d__ __d__k < /div > < div class= '' js-selecttoquoteend '' > < /div >,3.6631855964660645
2,giá bn v shop ?,2.4740490913391113
2,@ lương giá kiệt : chẳng hạn như acs giá cũng cao hơn so với dòng tivi khác.ngoài samsung ra tivi nào góp ngân hàng acs cũng chênh lệch giá bán __d__k hết.dòng samsung thì ngược lại..cũng là chung __d__ ngân hàng mà,2.448141098022461
2,sữa grow __d__ cho trẻ __d__-__d__ tuổi giá bnhiêu shop ?,2.9652628898620605
2,hop bao nhieu gr vay . giá bao nhieu,2.4964795112609863
2,giá bao nhiu shop,2.197222948074341
2,giá tiền sữa pediasure như thế nào hả em ?,2.1229610443115234
2,bn v shop,2.4152276515960693
2,cho mình hỏi tivi sony kd- __d__x__d__f giá bnhieu ạ,2.996666669845581
2,gia bao nhiu __d__ loc vậy shop,3.4390039443969727
2,giá bao nhiêu vậy adidas ơi ?,2.491417646408081
2,doi nay bn b,3.511262893676758
2,giá new là bao nhiêu nhỉ và có chiến đc pupg k,2.5785789489746094
2,< blockquote class= '' messagetext selectquotecontainer ugc basehtml '' > tv oled thì cứ chọn lg ấy bác sony nó đâu sản xuất được tấm nền oled đâu toàn mua của lg về thôi ah . < div class= '' messagetextendmarker '' > < /div > < /blockquote >,3.641246795654297
2,báo giá ?,2.5718374252319336
2,bn z shop,2.5664870738983154
2,sua nay bao nhieu tien ban oi,2.7857420444488525
2,loai __d__ in sony loai __d__ gio gia bn ak,3.211594581604004
2,giá __d__ lon __d__.__d__kg là bn ạ,2.6396288871765137
2,loại mới này giá sao em ?,2.740046739578247
2,bn tien __d__ thung pediasure vay b,2.1838538646698
2,gia bao nhieu zay shop,2.4054484367370605
2,ip__d__ gia nhiu vay,3.4736850261688232
2,__d__ inh bao nhiêu tiền ạ,2.4036014080047607
2,pediasure úc bao nhiu b,2.033783197402954
2,loại sam sung __d__ inh có trả góp không ạ,3.083223342895508
2,giá bao nhiêu vậy ? chung cư hả ? hợp đồng bao nhiêu năm ?,2.6771557331085205
2,qúa ngon cho sản phẩm tầm giá này,2.967268466949463
2,giá bn b ?,2.699418783187866
2,diẻn tich gia bao nhieu,2.441080331802368
2,cho hoi sam sung s__d__ plus ban __d__ gia bao nhieu vay,2.1868441104888916
2,tivi sony __d__in bn,3.5113494396209717
2,"con này giá sao vậy ông , __d__ camera vậy chụp ảnh thì đẹp lắm nhỉ ?",2.2738349437713623
2,cho mình ? so ny smart smart tivi __d__inch __d__k model kd-__d__x__d__e có mấy loại và giá cả cụ thể từng loại sản phẩm này mong được phản hồi xin cãm ơn,2.1341638565063477
2,giá con này thế nào anh,2.6009793281555176
2,giá bao nhiêu thế ad,2.015089511871338
2,bn __d__ thug,3.5943775177001953
2,sua pha san __d__ trai bao nhieu tien,2.9874839782714844
2,giá bao nhiêu v,2.1384639739990234
2,giá bso nhiêu,3.6292612552642822
2,vân nguyễn bn __d__hộp ạ,3.4463388919830322
2,bn tiền __d__thùng ạ,2.758113384246826
2,giá bao nhiêu vậy chị,1.8828222751617432
2,sữa cho trẻ hơn __d__tuổi hộp to bao nhiêu tiền .,2.3539469242095947
2,hộp __d__g bao tiền b,2.68485426902771
2,tuyệt vời stb shb < img src= '' http : //f__d__.comstyles/yahoo/__d__.gif '' class= '' mcesmilie '' alt= '' : drm '' title= '' drinking smiley : drm '' > < img src= '' http : //f__d__.comstyles/yahoo/__d__.gif '' class= '' mcesmilie '' alt= '' : drm__d__ '' title= '' drinking smiley : drm__d__ '' >,3.6078524589538574
2,sony __d__ . __d__k bao nhiêu tiền,2.633420467376709
2,cho xin bao gia dieu hoa dakin __d__ inveter ban bao nhieu vay,2.592667818069458
2,"ad ơi , dong sam smart __d__k giá ntn",2.7334423065185547
2,lon bột __d__g bn,3.3177647590637207
2,báo giá tổng hết bao nhiêu,2.1360321044921875
2,"__d__pl__d__gb màu đỏ fbt , máy mới giá bao nhiêu ?",3.0208702087402344
2,máy giặt giá như thế nào ạ,2.958286762237549
2,bằng tiền mua con pcx ngon hơn chứ nhỉ < img src= '' http : //vozforums.com/images/smilies/off/sexy_girl.gif '' border= '' __d__ '' alt= '' '' title= '' sexy girl '' class= '' inlineimg '' >,2.2529137134552
2,ss s__d__ egd bn vậy,2.3073887825012207
2,__d__chai nuoc mam gia bn ạ,3.5555834770202637
2,optimum gold __d__ giá bao nhiêu ạ,2.155301809310913
2,check giùm mình xem dòng tv ss __d__k nu__d__ có còn hàng ko,3.252809524536133
2,loại __d__g ở thế giới sữa bán giá __d__k . cửa hàng bán lẻ là __d__k . vậy mà đây đắt thế nhỉ ?,3.482055425643921
2,son giá bn c,3.490872383117676
2,__d__ con moi con bao nhieu kg vay,2.531217575073242
2,bộ hộp đựng cocacola bao nhiêu,2.4963457584381104
2,sony __d__x__d__f giá bao nhiêu,2.578677177429199
2,em ơi con như này màu đen bao nhiêu tiền à,2.857328414916992
2,giá shop oi,3.131526231765747
2,x __d__ f . __d__ in gia bao nhieu ban,2.7898478507995605
2,samsung bn ah,3.1014811992645264
2,sony __d__ __d__f bao nhieu ban oi,2.2923872470855713
2,abbott grow __d__ có giá bao nhiêu à .,2.1718177795410156
2,huyền huyền kb mấy củ chị nhỉ,2.1164238452911377
2,sữa ovaltine được bổ sung thêm dha thì giá có khác sữa cũ ko cậu ?,1.9903393983840942
2,giá optimum gold số __d__ nhiu b ? tã quần husgie xl__d__ giá nhiu ?,2.5391111373901367
2,sữa dành cho mấy tháng tuổi và bn tiền ak,2.206718921661377
2,em __d__ nay gia bao nhieu vay sony,2.626330614089966
2,sữa nan nga bn vậy ?,2.5088555812835693
2,m quần giá bn b,2.7217533588409424
2,s vậy bị gj vậy bn gia,3.278090476989746
2,__d__ in gia bao nhieu vay ban,2.043879985809326
2,đaikin __d__ chiều __d__btu giá bn ạ,3.1821556091308594
2,cho hỏi abot grow __d__ giá s v,2.5902481079101562
2,sữa nan __d__ cho bé bao nhiêu ạ,2.4721858501434326
2,diên hồ oh bn ah e,3.684539318084717
2,"mom cho con dùng từ tháng mấy , bao nhiêu __d__ hộp ạ",2.2799060344696045
2,@ hồ nguyễn thanh hải : mua hom đo gia bao nhieu b,2.294480085372925
2,sh ý __d__ < img src= '' http : //vozforums.com/images/smilies/off/cry.gif '' border= '' __d__ '' alt= '' '' title= '' cry '' class= '' inlineimg '' >,2.3347740173339844
2,cho mình hỏi máy giặt tosiba __d__kg bao tiền ạ,3.4776833057403564
2,xaomi nót__d__ giờ bao nhiêu tiền e nhỉ,2.4625558853149414
2,"@ thanh sơn : nếu không lấy khuyến mãi có đc giảm giá trên sản phẩm không bạn , nếu có thì giảm bao nhiêu vậy",2.0489299297332764
2,con đó giá sao b ơi ?,2.545553684234619
2,giá nhiu,3.3924314975738525
2,ti vi __d__ inch kd __d__x__d__e gia bao nhiêu vây,1.9717257022857666
2,tã dán huggies l__d__ giá bn vậy ạ,2.1224231719970703
2,"bao nhiêu tiền __d__ lốc sữa , và nếu mua __d__ thùng thì có giảm hơn ko ạ ? cho em xin giá lun ạ. em cảm ơn !",2.4280431270599365
2,bn __d__ lon aptamil anh,2.5423271656036377
2,loại __d__ giá bn vậy ?,2.1233365535736084
2,sữa similac bn v c,3.157695770263672
2,shop ơi cho xin giá vs ạ,2.4133849143981934
2,bn vay,2.312800645828247
2,bao nhju __d__ hop vay,2.3832638263702393
2,frisolac gold step __d__ __d__g giá thế nào ạ,2.4558186531066895
2,gia bao nhieu v,2.310361385345459
2,bn vay e oi,3.39747953414917
2,"samsung s__d__ , samsung j__d__ prime , samsung j__d__+ , samsung s__d__+ , samsung j__d__ pro , samsung j__d__+ / __d__",2.2832672595977783
2,giá bn nhể ?,2.919914722442627
2,mình muốn hỏi tv của lg có giảm giá gì không ?,1.9287350177764893
2,hcm in chon bao nhieu vay,2.4058709144592285
2,__d__ sony bao nhieu e,1.9817860126495361
2,"chuong trinh doi cu lay moi , tivi tcl led , __d__ inch tinh gia doi bao nhieu",2.345097780227661
2,bán cho kai đi . gia bn hàng cũ hay moi . chinh hãnh ko,3.442138671875
2,cho e hoi hop lon bao nhieu fien vay,2.4641048908233643
2,mua với giá bao nhiêu thì được freeship vậy chị ?,2.0348963737487793
2,cho hoi tai shop minh gia sua friso gold lac tu __d__ den __d__ thang gia bao nhieu a,2.5748534202575684
2,cho xin cái giá đi,2.8357603549957275
2,bao nhiêu __d__ lon sữa pediasure vậy chị ?,2.2605297565460205
2,mua __d__lon friso gold __d__ __d__g thi gia bap nhieu ah,2.8395509719848633
2,cho mình hỏi nếu mình mua online thì tủ lạnh model này giá bn vậy ? có khuyến mãi gì kg ?,2.4393186569213867
2,giá sữa ntn vậy shop,3.1541848182678223
2,samsung a__d__ giá giảm còn bao nhiêu shop,2.2729380130767822
2,thuyan duong pediasure mom mua bn vậy,2.825350522994995
2,< iframe width= '' __d__ '' height= '' __d__ '' frameborder= '' __d__ '' > < /iframe > < br > nghe cho vui ae ơi : v < div class= '' messagetextendmarker '' > < /div >,3.3907768726348877
2,sữa này giá có cao không chị ? bé nhà e thấp còi uống ổn không c,2.336782455444336
2,enfamil hộp bao nhiêu gram ? giá bao nhiêu ?,2.151993751525879
2,"tã dán cho bé __d__,__d__ kg giá bán ạ",2.41205096244812
2,bn __d__ hop v,2.60983943939209
2,mua __d__lon optimum gold __d__ bn tiền vậy ? nếu mua nhiều có tính giad khác k ?,2.4591867923736572
2,bao nhieu __d__ lon vay cty,2.4552247524261475
2,< span class= '' reply_name myuser '' data-userid= '' __d__ '' > @ ha nguyendinh < /span > : __d__ xác,3.6891050338745117
2,dulichvui__d__ giảm bao nhiêu vậy chị,3.0133819580078125
2,cho hỏi giá,2.0883290767669678
2,khuyến mãi __d__k là được giảm giá trực tiếp trên đơn giá hay sao đmay ?,2.992241859436035
2,cái giá nhiêu z a ? ? ? ?,2.0788652896881104
2,hộp sô __d__ giá bao nhiêu vậy .ở hoài đức có đai li nào ko vậy,2.052839994430542
2,< iframe width= '' __d__ '' height= '' __d__ '' frameborder= '' __d__ '' > < /iframe >,2.798168420791626
2,sữa pediasure bao nhiêu,2.151815414428711
2,cho hoi gia ban bao nhiu pt,3.012455940246582
2,hi vọng sam đừng bán giá cao . __d__tr đổ về thôi . < div class= '' messagetextendmarker '' > < /div >,3.102531909942627
2,tã quần bobby xxl giá sao ạ,3.641353130340576
2,xin hỏi sự khác biệt giữa smart tv và internet tv ạdòng nào cao cấp hơn ạ,3.148576259613037
2,giá bn __d__ thẻ ạ,3.0082387924194336
2,"cụ cho em hỏi con < b > smart tivi sharp __d__ inch lc-__d__le__d__x , full hd , android < /b > dùng tốt hơn samsung , lg ko , giá chỗ cụ thế nào ạ ? < div class= '' messagetextendmarker '' > < /div >",2.489871025085449
2,khoa lê cho cái giá đi,2.8107948303222656
2,"sony có dòng nào __d__k , tần số quét thực __d__hz , không cần smart không ? < div class= '' messagetextendmarker '' > < /div >",2.571756601333618
2,"pass hay sao ạ , giá sao ạ",2.6088039875030518
2,pediasure vị socola bn hộp z chị,2.6574289798736572
2,cho t hỏi pediasure lon __d__g bao tiền ?,2.0518648624420166
2,không biết giá thế nào,2.3212218284606934
2,không bao giờ mua với giá đó . dù mình rất thích sản phẩm của samsung < div class= '' messagetextendmarker '' > < /div >,2.3772010803222656
2,sữa glico giảm bao nhiêu z ạ,2.6459383964538574
2,cho e hỏi . mua trả góp sản phẩm này thì cần trả trước bao nhiêu . và tiền góp mỗi tháng là bao nhiêu . và trong thời gian mấy thang ah,3.0086519718170166
2,gia nhiêu chi,3.6653122901916504
2,huyhoang__d__ @ gmail.com xin bao giá,3.5550413131713867
2,không lấy thùng cocacola mà trừ vào giá máy có được không ạ,2.0144286155700684
2,cho vay tiền,3.208566665649414
2,abbott grow vietnam giá bn chị,2.9692859649658203
2,an nhiênn nan nga bn hộp mom,2.413928270339966
2,sua meji so __d__ bao nhieu ạ,2.886671543121338
2,giá bn ad ơi,2.871096134185791
2,similac . __d__ . hop __d__g bao nhieu vay .,2.2919516563415527
2,boby giá bnhieu ạ,3.4655768871307373
2,giá rẻ thì lg chứ đừng chơi ss . muốn chất ảnh đẹp hơn thì sony . ss màu chán òm . lg trùm phân khúc tv rẻ,3.6780953407287598
2,jungha kim bán bao nhiêu,2.0508360862731934
